{
  "1. GET users" : {
    "transaction" : "1. GET users",
    "sampleCount" : 6263,
    "errorCount" : 0,
    "errorPct" : 0.0,
    "meanResTime" : 22.091330033530234,
    "medianResTime" : 19.0,
    "minResTime" : 12.0,
    "maxResTime" : 284.0,
    "pct1ResTime" : 31.0,
    "pct2ResTime" : 38.0,
    "pct3ResTime" : 74.0,
    "throughput" : 18.97643020109623,
    "receivedKBytesPerSec" : 18.48523294264955,
    "sentKBytesPerSec" : 2.9094722085665117
  },
  "Debug Sampler" : {
    "transaction" : "Debug Sampler",
    "sampleCount" : 6253,
    "errorCount" : 0,
    "errorPct" : 0.0,
    "meanResTime" : 0.11834319526627234,
    "medianResTime" : 0.0,
    "minResTime" : 0.0,
    "maxResTime" : 1.0,
    "pct1ResTime" : 1.0,
    "pct2ResTime" : 1.0,
    "pct3ResTime" : 1.0,
    "throughput" : 18.988706381092072,
    "receivedKBytesPerSec" : 7.1545722985961175,
    "sentKBytesPerSec" : 0.0
  },
  "2. POST login" : {
    "transaction" : "2. POST login",
    "sampleCount" : 6261,
    "errorCount" : 0,
    "errorPct" : 0.0,
    "meanResTime" : 482.06404727679353,
    "medianResTime" : 471.0,
    "minResTime" : 409.0,
    "maxResTime" : 15708.0,
    "pct1ResTime" : 505.0,
    "pct2ResTime" : 532.0,
    "pct3ResTime" : 636.0,
    "throughput" : 18.9817004402081,
    "receivedKBytesPerSec" : 12.7079427604413,
    "sentKBytesPerSec" : 4.560056941690617
  },
  "GET users" : {
    "transaction" : "GET users",
    "sampleCount" : 6263,
    "errorCount" : 0,
    "errorPct" : 0.0,
    "meanResTime" : 22.091330033530223,
    "medianResTime" : 19.0,
    "minResTime" : 12.0,
    "maxResTime" : 284.0,
    "pct1ResTime" : 31.0,
    "pct2ResTime" : 38.0,
    "pct3ResTime" : 74.0,
    "throughput" : 18.979535557461354,
    "receivedKBytesPerSec" : 18.488257918114954,
    "sentKBytesPerSec" : 2.909948322774836
  },
  "POST login" : {
    "transaction" : "POST login",
    "sampleCount" : 6261,
    "errorCount" : 0,
    "errorPct" : 0.0,
    "meanResTime" : 482.0640472767932,
    "medianResTime" : 471.0,
    "minResTime" : 409.0,
    "maxResTime" : 15708.0,
    "pct1ResTime" : 505.0,
    "pct2ResTime" : 532.0,
    "pct3ResTime" : 636.0,
    "throughput" : 18.981757987891207,
    "receivedKBytesPerSec" : 12.707981287688384,
    "sentKBytesPerSec" : 4.560070766622302
  },
  "Total" : {
    "transaction" : "Total",
    "sampleCount" : 18787,
    "errorCount" : 0,
    "errorPct" : 0.0,
    "meanResTime" : 168.24985362218604,
    "medianResTime" : 19.0,
    "minResTime" : 0.0,
    "maxResTime" : 15708.0,
    "pct1ResTime" : 475.0,
    "pct2ResTime" : 487.0,
    "pct3ResTime" : 580.119999999999,
    "throughput" : 56.92875042801863,
    "receivedKBytesPerSec" : 38.35000167609065,
    "sentKBytesPerSec" : 7.474284200393019
  }
}